file,page,error
data/docs/other/other-comprehensive-primary-health-57.pdf,*,No /Root object! - Is this really a PDF?
data/docs/services/abha_health_id/other-comprehensive-primary-health-57.pdf,*,No /Root object! - Is this really a PDF?
data/docs/services/academic_bank_of_credits/other-comprehensive-primary-health-57.pdf,*,No /Root object! - Is this really a PDF?
data/docs/services/airsewa/other-comprehensive-primary-health-57.pdf,*,No /Root object! - Is this really a PDF?
data/docs/services/apprenticeship_india/other-comprehensive-primary-health-57.pdf,*,No /Root object! - Is this really a PDF?
data/docs/services/ayushman_bharat_pmjay/other-comprehensive-primary-health-57.pdf,*,No /Root object! - Is this really a PDF?
data/docs/services/cowin/other-comprehensive-primary-health-57.pdf,*,No /Root object! - Is this really a PDF?
data/docs/services/cpgrams_pgportal/other-comprehensive-primary-health-57.pdf,*,No /Root object! - Is this really a PDF?
data/docs/services/digilocker/other-comprehensive-primary-health-57.pdf,*,No /Root object! - Is this really a PDF?
data/docs/services/diksha/other-comprehensive-primary-health-57.pdf,*,No /Root object! - Is this really a PDF?
data/docs/services/e_sanjeevani/other-comprehensive-primary-health-57.pdf,*,No /Root object! - Is this really a PDF?
data/docs/services/e_shram_portal/other-comprehensive-primary-health-57.pdf,*,No /Root object! - Is this really a PDF?
data/docs/services/echallan_parivahan/other-comprehensive-primary-health-57.pdf,*,No /Root object! - Is this really a PDF?
data/docs/services/ecourts_services/other-comprehensive-primary-health-57.pdf,*,No /Root object! - Is this really a PDF?
data/docs/services/edaakhil_consumer_cases/other-comprehensive-primary-health-57.pdf,*,No /Root object! - Is this really a PDF?
data/docs/services/egazette/other-comprehensive-primary-health-57.pdf,*,No /Root object! - Is this really a PDF?
data/docs/services/electoral_search_service/other-comprehensive-primary-health-57.pdf,*,No /Root object! - Is this really a PDF?
data/docs/services/emigrate/other-comprehensive-primary-health-57.pdf,*,No /Root object! - Is this really a PDF?
data/docs/services/enam_national_agri_market/other-comprehensive-primary-health-57.pdf,*,No /Root object! - Is this really a PDF?
data/docs/services/enps_national_pension_system/other-comprehensive-primary-health-57.pdf,*,No /Root object! - Is this really a PDF?
data/docs/services/epfo_member_esewa/other-comprehensive-primary-health-57.pdf,*,No /Root object! - Is this really a PDF?
data/docs/services/epfo_passbook_portal/other-comprehensive-primary-health-57.pdf,*,No /Root object! - Is this really a PDF?
data/docs/services/gst_portal/other-comprehensive-primary-health-57.pdf,*,No /Root object! - Is this really a PDF?
data/docs/services/income_tax_efiling/other-comprehensive-primary-health-57.pdf,*,No /Root object! - Is this really a PDF?
data/docs/services/india_code/other-comprehensive-primary-health-57.pdf,*,No /Root object! - Is this really a PDF?
data/docs/services/instant_epan_service/other-comprehensive-primary-health-57.pdf,*,No /Root object! - Is this really a PDF?
data/docs/services/jeevan_pramaan/other-comprehensive-primary-health-57.pdf,*,No /Root object! - Is this really a PDF?
data/docs/services/myaadhaar_portal/other-comprehensive-primary-health-57.pdf,*,No /Root object! - Is this really a PDF?
data/docs/services/mygov_citizen_engagement/other-comprehensive-primary-health-57.pdf,*,No /Root object! - Is this really a PDF?
data/docs/services/myscheme_discovery/other-comprehensive-primary-health-57.pdf,*,No /Root object! - Is this really a PDF?
data/docs/services/national_career_service/other-comprehensive-primary-health-57.pdf,*,No /Root object! - Is this really a PDF?
data/docs/services/national_consumer_helpline/other-comprehensive-primary-health-57.pdf,*,No /Root object! - Is this really a PDF?
data/docs/services/national_cyber_crime_reporting/other-comprehensive-primary-health-57.pdf,*,No /Root object! - Is this really a PDF?
data/docs/services/national_permit_parivahan/other-comprehensive-primary-health-57.pdf,*,No /Root object! - Is this really a PDF?
data/docs/services/national_portal_india/other-comprehensive-primary-health-57.pdf,*,No /Root object! - Is this really a PDF?
data/docs/services/national_scholarship_portal/other-comprehensive-primary-health-57.pdf,*,No /Root object! - Is this really a PDF?
data/docs/services/ors_hospital_appointments/other-comprehensive-primary-health-57.pdf,*,No /Root object! - Is this really a PDF?
data/docs/services/parivahan_portal/other-comprehensive-primary-health-57.pdf,*,No /Root object! - Is this really a PDF?
data/docs/services/passport_seva/other-comprehensive-primary-health-57.pdf,*,No /Root object! - Is this really a PDF?
data/docs/services/pm_kisan/other-comprehensive-primary-health-57.pdf,*,No /Root object! - Is this really a PDF?
data/docs/services/pm_shram_yogi_maandhan/other-comprehensive-primary-health-57.pdf,*,No /Root object! - Is this really a PDF?
data/docs/services/pmay_urban_mis/other-comprehensive-primary-health-57.pdf,*,No /Root object! - Is this really a PDF?
data/docs/services/pmfby_crop_insurance/other-comprehensive-primary-health-57.pdf,*,No /Root object! - Is this really a PDF?
data/docs/services/rti_online/other-comprehensive-primary-health-57.pdf,*,No /Root object! - Is this really a PDF?
data/docs/services/sarathi_driving_licence_services/other-comprehensive-primary-health-57.pdf,*,No /Root object! - Is this really a PDF?
data/docs/services/swayam/other-comprehensive-primary-health-57.pdf,*,No /Root object! - Is this really a PDF?
data/docs/services/udid_disability_card/other-comprehensive-primary-health-57.pdf,*,No /Root object! - Is this really a PDF?
data/docs/services/uidai_aadhaar_services/other-comprehensive-primary-health-57.pdf,*,No /Root object! - Is this really a PDF?
data/docs/services/umang/other-comprehensive-primary-health-57.pdf,*,No /Root object! - Is this really a PDF?
data/docs/services/vahan_vehicle_services/other-comprehensive-primary-health-57.pdf,*,No /Root object! - Is this really a PDF?
data/docs/services/voters_service_portal/other-comprehensive-primary-health-57.pdf,*,No /Root object! - Is this really a PDF?
