content_id,source_type,source_url,status,error
2,pdf,file:///Volumes/Space/MINOR_PROJECTS/gov-chatbot/data/docs/aadhaar/Form-2-English.pdf,error,'category' is an invalid keyword argument for ContentChunk
3,pdf,file:///Volumes/Space/MINOR_PROJECTS/gov-chatbot/data/docs/aadhaar/Form-4-English.pdf,error,'category' is an invalid keyword argument for ContentChunk
5,pdf,file:///Volumes/Space/MINOR_PROJECTS/gov-chatbot/data/docs/aadhaar/Form_1_Eng.pdf,error,'category' is an invalid keyword argument for ContentChunk
6,pdf,file:///Volumes/Space/MINOR_PROJECTS/gov-chatbot/data/docs/aadhaar/Form_3_Eng.pdf,error,'category' is an invalid keyword argument for ContentChunk
7,pdf,file:///Volumes/Space/MINOR_PROJECTS/gov-chatbot/data/docs/aadhaar/Form_5_Eng.pdf,error,'category' is an invalid keyword argument for ContentChunk
9,pdf,file:///Volumes/Space/MINOR_PROJECTS/gov-chatbot/data/docs/aadhaar/Form_8_Eng.pdf,error,'category' is an invalid keyword argument for ContentChunk
11,pdf,file:///Volumes/Space/MINOR_PROJECTS/gov-chatbot/data/docs/aadhaar/aadhaar-02-01-2022-aadhaar-list-of-documents-pdf-60.pdf,error,'category' is an invalid keyword argument for ContentChunk
12,pdf,file:///Volumes/Space/MINOR_PROJECTS/gov-chatbot/data/docs/aadhaar/aadhaar-aadhaar-enrolment-correction-form-version-2-1-pdf-43.pdf,error,'category' is an invalid keyword argument for ContentChunk
13,pdf,file:///Volumes/Space/MINOR_PROJECTS/gov-chatbot/data/docs/aadhaar/aadhaar-enrolment-update-form-adult-update-v3-pdf-34.pdf,error,'category' is an invalid keyword argument for ContentChunk
14,pdf,file:///Volumes/Space/MINOR_PROJECTS/gov-chatbot/data/docs/aadhaar/aadhaar-form-1-eng-pdf-38.pdf,error,'category' is an invalid keyword argument for ContentChunk
15,pdf,file:///Volumes/Space/MINOR_PROJECTS/gov-chatbot/data/docs/aadhaar/aadhaar-form-2-english-pdf-35.pdf,error,'category' is an invalid keyword argument for ContentChunk
16,pdf,file:///Volumes/Space/MINOR_PROJECTS/gov-chatbot/data/docs/aadhaar/aadhaar-form-3-eng-pdf-39.pdf,error,'category' is an invalid keyword argument for ContentChunk
17,pdf,file:///Volumes/Space/MINOR_PROJECTS/gov-chatbot/data/docs/aadhaar/aadhaar-form-4-english-pdf-36.pdf,error,'category' is an invalid keyword argument for ContentChunk
18,pdf,file:///Volumes/Space/MINOR_PROJECTS/gov-chatbot/data/docs/aadhaar/aadhaar-form-5-eng-pdf-40.pdf,error,'category' is an invalid keyword argument for ContentChunk
20,pdf,file:///Volumes/Space/MINOR_PROJECTS/gov-chatbot/data/docs/aadhaar/aadhaar-form-7-eng-pdf-41.pdf,error,'category' is an invalid keyword argument for ContentChunk
21,pdf,file:///Volumes/Space/MINOR_PROJECTS/gov-chatbot/data/docs/aadhaar/aadhaar-form-8-eng-pdf-42.pdf,error,'category' is an invalid keyword argument for ContentChunk
23,pdf,file:///Volumes/Space/MINOR_PROJECTS/gov-chatbot/data/docs/aadhaar/aadhaar_enrolment_correction_form_version_2.1.pdf,error,'category' is an invalid keyword argument for ContentChunk
30,pdf,file:///Volumes/Space/MINOR_PROJECTS/gov-chatbot/data/docs/epfo/epfo-form-ccf-nonaadhar-pdf-52.pdf,error,'category' is an invalid keyword argument for ContentChunk
31,pdf,file:///Volumes/Space/MINOR_PROJECTS/gov-chatbot/data/docs/epfo/epfo-form10c-pdf-49.pdf,error,'category' is an invalid keyword argument for ContentChunk
25,pdf,file:///Volumes/Space/MINOR_PROJECTS/gov-chatbot/data/docs/education/Doing_away_Migration_Certificate_X_XII_DADS_04092024.pdf,error,'category' is an invalid keyword argument for ContentChunk
26,pdf,file:///Volumes/Space/MINOR_PROJECTS/gov-chatbot/data/docs/education/education-20210628-circular-procedure-of-applying-for-duplicate-ce-2.pdf,error,'category' is an invalid keyword argument for ContentChunk
27,pdf,file:///Volumes/Space/MINOR_PROJECTS/gov-chatbot/data/docs/education/education-chapter-4-affiliation-application-forms-and-other-formats-pdf-30.pdf,error,'category' is an invalid keyword argument for ContentChunk
28,pdf,file:///Volumes/Space/MINOR_PROJECTS/gov-chatbot/data/docs/education/education-doing-away-migration-certificate-x-xii-dads-04092024-pdf-3.pdf,error,'category' is an invalid keyword argument for ContentChunk
29,pdf,file:///Volumes/Space/MINOR_PROJECTS/gov-chatbot/data/docs/education/education-submission-examination-forms-private-students-class-xii-examination-4.pdf,error,'category' is an invalid keyword argument for ContentChunk
34,pdf,file:///Volumes/Space/MINOR_PROJECTS/gov-chatbot/data/docs/epfo/epfo-form19-pdf-51.pdf,error,'category' is an invalid keyword argument for ContentChunk
35,pdf,file:///Volumes/Space/MINOR_PROJECTS/gov-chatbot/data/docs/input_url_info/complete-pdf-collection.pdf,error,'category' is an invalid keyword argument for ContentChunk
36,pdf,file:///Volumes/Space/MINOR_PROJECTS/gov-chatbot/data/docs/other/Application-form.pdf,error,'category' is an invalid keyword argument for ContentChunk
38,pdf,file:///Volumes/Space/MINOR_PROJECTS/gov-chatbot/data/docs/other/FORM11.pdf,error,'category' is an invalid keyword argument for ContentChunk
39,pdf,file:///Volumes/Space/MINOR_PROJECTS/gov-chatbot/data/docs/other/FORM15.pdf,error,'category' is an invalid keyword argument for ContentChunk
41,pdf,file:///Volumes/Space/MINOR_PROJECTS/gov-chatbot/data/docs/other/Form10C.pdf,error,'category' is an invalid keyword argument for ContentChunk
42,pdf,file:///Volumes/Space/MINOR_PROJECTS/gov-chatbot/data/docs/other/Form10D.pdf,error,'category' is an invalid keyword argument for ContentChunk
43,pdf,file:///Volumes/Space/MINOR_PROJECTS/gov-chatbot/data/docs/other/Form19.pdf,error,'category' is an invalid keyword argument for ContentChunk
44,pdf,file:///Volumes/Space/MINOR_PROJECTS/gov-chatbot/data/docs/other/Form19_instructions_Eng.pdf,error,'category' is an invalid keyword argument for ContentChunk
45,pdf,file:///Volumes/Space/MINOR_PROJECTS/gov-chatbot/data/docs/other/Form_CCF_nonaadhar.pdf,error,'category' is an invalid keyword argument for ContentChunk
54,pdf,file:///Volumes/Space/MINOR_PROJECTS/gov-chatbot/data/docs/other/other-form9-pdf-7.pdf,error,'category' is an invalid keyword argument for ContentChunk
83,pdf,file:///Volumes/Space/MINOR_PROJECTS/gov-chatbot/data/docs/passport/Public_Advisory.pdf,error,'category' is an invalid keyword argument for ContentChunk
47,pdf,file:///Volumes/Space/MINOR_PROJECTS/gov-chatbot/data/docs/other/form9.pdf,error,'category' is an invalid keyword argument for ContentChunk
48,pdf,file:///Volumes/Space/MINOR_PROJECTS/gov-chatbot/data/docs/other/other-103120000000007917-pdf-6.pdf,error,'category' is an invalid keyword argument for ContentChunk
49,pdf,file:///Volumes/Space/MINOR_PROJECTS/gov-chatbot/data/docs/other/other-application-form-pdf-8.pdf,error,'category' is an invalid keyword argument for ContentChunk
51,pdf,file:///Volumes/Space/MINOR_PROJECTS/gov-chatbot/data/docs/other/other-form11-pdf-10.pdf,error,'category' is an invalid keyword argument for ContentChunk
52,pdf,file:///Volumes/Space/MINOR_PROJECTS/gov-chatbot/data/docs/other/other-form15-pdf-11.pdf,error,'category' is an invalid keyword argument for ContentChunk
53,pdf,file:///Volumes/Space/MINOR_PROJECTS/gov-chatbot/data/docs/other/other-form7-pdf-12.pdf,error,'category' is an invalid keyword argument for ContentChunk
97,pdf,file:///Volumes/Space/MINOR_PROJECTS/gov-chatbot/data/docs/railways/1388401894116-DAR-SF-1-2-4-5-7-and-8.pdf,error,'category' is an invalid keyword argument for ContentChunk
8,pdf,file:///Volumes/Space/MINOR_PROJECTS/gov-chatbot/data/docs/aadhaar/Form_7_Eng.pdf,error,'category' is an invalid keyword argument for ContentChunk
56,pdf,file:///Volumes/Space/MINOR_PROJECTS/gov-chatbot/data/docs/other/other-national-data-platform-5.pdf,error,'category' is an invalid keyword argument for ContentChunk
58,pdf,file:///Volumes/Space/MINOR_PROJECTS/gov-chatbot/data/docs/pan/ITR1_Notified-Form-AY-2023-24.pdf,error,'category' is an invalid keyword argument for ContentChunk
59,pdf,file:///Volumes/Space/MINOR_PROJECTS/gov-chatbot/data/docs/pan/pan-itr-4-notified-form-ay-2022-6.pdf,error,'category' is an invalid keyword argument for ContentChunk
60,pdf,file:///Volumes/Space/MINOR_PROJECTS/gov-chatbot/data/docs/pan/pan-itr1-notified-form-ay-2023-24-pdf-53.pdf,error,'category' is an invalid keyword argument for ContentChunk
61,pdf,file:///Volumes/Space/MINOR_PROJECTS/gov-chatbot/data/docs/pan/pan-itr2-notified-form-ay-2023-24-pdf-7.pdf,error,'category' is an invalid keyword argument for ContentChunk
62,pdf,file:///Volumes/Space/MINOR_PROJECTS/gov-chatbot/data/docs/pan/pan__form-for-changes-in-pan-pdf__430162.pdf,error,'category' is an invalid keyword argument for ContentChunk
63,pdf,file:///Volumes/Space/MINOR_PROJECTS/gov-chatbot/data/docs/pan/pan__form-for-changes-in-pan-pdf__996976.pdf,error,'category' is an invalid keyword argument for ContentChunk
64,pdf,file:///Volumes/Space/MINOR_PROJECTS/gov-chatbot/data/docs/parivahan/FORM-1A.pdf,error,'category' is an invalid keyword argument for ContentChunk
65,pdf,file:///Volumes/Space/MINOR_PROJECTS/gov-chatbot/data/docs/parivahan/FORM-2.pdf,error,'category' is an invalid keyword argument for ContentChunk
66,pdf,file:///Volumes/Space/MINOR_PROJECTS/gov-chatbot/data/docs/parivahan/FORM-7.pdf,error,'category' is an invalid keyword argument for ContentChunk
67,pdf,file:///Volumes/Space/MINOR_PROJECTS/gov-chatbot/data/docs/parivahan/parivahan-form-1a-pdf-13.pdf,error,'category' is an invalid keyword argument for ContentChunk
68,pdf,file:///Volumes/Space/MINOR_PROJECTS/gov-chatbot/data/docs/parivahan/parivahan-form-2-pdf-14.pdf,error,'category' is an invalid keyword argument for ContentChunk
70,pdf,file:///Volumes/Space/MINOR_PROJECTS/gov-chatbot/data/docs/parivahan/parivahan-form-7-pdf-16.pdf,error,'category' is an invalid keyword argument for ContentChunk
72,pdf,file:///Volumes/Space/MINOR_PROJECTS/gov-chatbot/data/docs/passport/AnnexureB.pdf,error,'category' is an invalid keyword argument for ContentChunk
73,pdf,file:///Volumes/Space/MINOR_PROJECTS/gov-chatbot/data/docs/passport/AnnexureC.pdf,error,'category' is an invalid keyword argument for ContentChunk
74,pdf,file:///Volumes/Space/MINOR_PROJECTS/gov-chatbot/data/docs/passport/AnnexureD.pdf,error,'category' is an invalid keyword argument for ContentChunk
75,pdf,file:///Volumes/Space/MINOR_PROJECTS/gov-chatbot/data/docs/passport/AnnexureE.pdf,error,'category' is an invalid keyword argument for ContentChunk
77,pdf,file:///Volumes/Space/MINOR_PROJECTS/gov-chatbot/data/docs/passport/AnnexureG.pdf,error,'category' is an invalid keyword argument for ContentChunk
78,pdf,file:///Volumes/Space/MINOR_PROJECTS/gov-chatbot/data/docs/passport/AnnexureH.pdf,error,'category' is an invalid keyword argument for ContentChunk
79,pdf,file:///Volumes/Space/MINOR_PROJECTS/gov-chatbot/data/docs/passport/AnnexureI.pdf,error,'category' is an invalid keyword argument for ContentChunk
80,pdf,file:///Volumes/Space/MINOR_PROJECTS/gov-chatbot/data/docs/passport/AnnexureJ.pdf,error,'category' is an invalid keyword argument for ContentChunk
81,pdf,file:///Volumes/Space/MINOR_PROJECTS/gov-chatbot/data/docs/passport/ApplicationformInstructionBooklet-V3.0.pdf,error,'category' is an invalid keyword argument for ContentChunk
10,pdf,file:///Volumes/Space/MINOR_PROJECTS/gov-chatbot/data/docs/aadhaar/List_of_Supporting_Document_for_Aadhaar_Enrolment_and_Update.pdf,error,'category' is an invalid keyword argument for ContentChunk
85,pdf,file:///Volumes/Space/MINOR_PROJECTS/gov-chatbot/data/docs/passport/passport-annexureb-pdf-18.pdf,error,'category' is an invalid keyword argument for ContentChunk
86,pdf,file:///Volumes/Space/MINOR_PROJECTS/gov-chatbot/data/docs/passport/passport-annexurec-pdf-19.pdf,error,'category' is an invalid keyword argument for ContentChunk
88,pdf,file:///Volumes/Space/MINOR_PROJECTS/gov-chatbot/data/docs/passport/passport-annexuree-pdf-21.pdf,error,'category' is an invalid keyword argument for ContentChunk
89,pdf,file:///Volumes/Space/MINOR_PROJECTS/gov-chatbot/data/docs/passport/passport-annexuref-pdf-22.pdf,error,'category' is an invalid keyword argument for ContentChunk
91,pdf,file:///Volumes/Space/MINOR_PROJECTS/gov-chatbot/data/docs/passport/passport-annexureh-pdf-24.pdf,error,'category' is an invalid keyword argument for ContentChunk
93,pdf,file:///Volumes/Space/MINOR_PROJECTS/gov-chatbot/data/docs/passport/passport-annexurej-pdf-26.pdf,error,'category' is an invalid keyword argument for ContentChunk
94,pdf,file:///Volumes/Space/MINOR_PROJECTS/gov-chatbot/data/docs/passport/passport-applicationforminstructionbooklet-v3-0-pdf-27.pdf,error,'category' is an invalid keyword argument for ContentChunk
96,pdf,file:///Volumes/Space/MINOR_PROJECTS/gov-chatbot/data/docs/passport/passport-public-advisory-pdf-29.pdf,error,'category' is an invalid keyword argument for ContentChunk
1,pdf,file:///Volumes/Space/MINOR_PROJECTS/gov-chatbot/data/docs/aadhaar/ENROLMENT-UPDATE_Form_Adult_update_V3.pdf,error,'category' is an invalid keyword argument for ContentChunk
4,pdf,file:///Volumes/Space/MINOR_PROJECTS/gov-chatbot/data/docs/aadhaar/Form-6-English.pdf,error,'category' is an invalid keyword argument for ContentChunk
99,pdf,file:///Volumes/Space/MINOR_PROJECTS/gov-chatbot/data/docs/railways/1648285255912-NPS-Allotment_Form.pdf,error,'category' is an invalid keyword argument for ContentChunk
100,pdf,file:///Volumes/Space/MINOR_PROJECTS/gov-chatbot/data/docs/railways/1666873279207-NPS-S2-FORM.pdf,error,'category' is an invalid keyword argument for ContentChunk
101,pdf,file:///Volumes/Space/MINOR_PROJECTS/gov-chatbot/data/docs/railways/1670392128054-1669802888669-Reimbursement_Claim_Form.pdf,error,'category' is an invalid keyword argument for ContentChunk
102,pdf,file:///Volumes/Space/MINOR_PROJECTS/gov-chatbot/data/docs/railways/railways-1388401894116-dar-sf-1-2-4-5-7-and-8-pdf-1.pdf,error,'category' is an invalid keyword argument for ContentChunk
104,pdf,file:///Volumes/Space/MINOR_PROJECTS/gov-chatbot/data/docs/railways/railways-1648285255912-nps-allotment-form-pdf-32.pdf,error,'category' is an invalid keyword argument for ContentChunk
105,pdf,file:///Volumes/Space/MINOR_PROJECTS/gov-chatbot/data/docs/railways/railways-1666873279207-nps-s2-form-pdf-33.pdf,error,'category' is an invalid keyword argument for ContentChunk
106,pdf,file:///Volumes/Space/MINOR_PROJECTS/gov-chatbot/data/docs/railways/railways-1670392128054-1669802888669-reimbursement-claim-form-pdf-2.pdf,error,'category' is an invalid keyword argument for ContentChunk
107,pdf,file:///Volumes/Space/MINOR_PROJECTS/gov-chatbot/data/docs/rbi/SSFM06052019_APP.pdf,error,'category' is an invalid keyword argument for ContentChunk
108,pdf,file:///Volumes/Space/MINOR_PROJECTS/gov-chatbot/data/docs/rbi/a1-fc1.pdf,error,'category' is an invalid keyword argument for ContentChunk
109,pdf,file:///Volumes/Space/MINOR_PROJECTS/gov-chatbot/data/docs/rbi/rbi-a1-fc1-pdf-59.pdf,error,'category' is an invalid keyword argument for ContentChunk
110,pdf,file:///Volumes/Space/MINOR_PROJECTS/gov-chatbot/data/docs/rbi/rbi-ssfm06052019-app-pdf-58.pdf,error,'category' is an invalid keyword argument for ContentChunk
19,pdf,file:///Volumes/Space/MINOR_PROJECTS/gov-chatbot/data/docs/aadhaar/aadhaar-form-6-english-pdf-37.pdf,error,'category' is an invalid keyword argument for ContentChunk
22,pdf,file:///Volumes/Space/MINOR_PROJECTS/gov-chatbot/data/docs/aadhaar/aadhaar-list-of-supporting-document-for-aadhaar-enrolment-and-update-pdf-44.pdf,error,'category' is an invalid keyword argument for ContentChunk
24,pdf,file:///Volumes/Space/MINOR_PROJECTS/gov-chatbot/data/docs/education/CHAPTER_4_AFFILIATION_APPLICATION_FORMS_AND_OTHER_FORMATS.pdf,error,'category' is an invalid keyword argument for ContentChunk
32,pdf,file:///Volumes/Space/MINOR_PROJECTS/gov-chatbot/data/docs/epfo/epfo-form10d-pdf-50.pdf,error,'category' is an invalid keyword argument for ContentChunk
33,pdf,file:///Volumes/Space/MINOR_PROJECTS/gov-chatbot/data/docs/epfo/epfo-form19-instructions-eng-pdf-3.pdf,error,'category' is an invalid keyword argument for ContentChunk
37,pdf,file:///Volumes/Space/MINOR_PROJECTS/gov-chatbot/data/docs/other/FAQ_for_Mera_Ration_2.pdf,error,'category' is an invalid keyword argument for ContentChunk
40,pdf,file:///Volumes/Space/MINOR_PROJECTS/gov-chatbot/data/docs/other/FORM7.pdf,error,'category' is an invalid keyword argument for ContentChunk
46,pdf,file:///Volumes/Space/MINOR_PROJECTS/gov-chatbot/data/docs/other/PL_Forms.pdf,error,'category' is an invalid keyword argument for ContentChunk
50,pdf,file:///Volumes/Space/MINOR_PROJECTS/gov-chatbot/data/docs/other/other-faq-for-mera-ration-2-pdf-9.pdf,error,'category' is an invalid keyword argument for ContentChunk
55,pdf,file:///Volumes/Space/MINOR_PROJECTS/gov-chatbot/data/docs/other/other-forms-ministry-home-affairs-8.pdf,error,'category' is an invalid keyword argument for ContentChunk
57,pdf,file:///Volumes/Space/MINOR_PROJECTS/gov-chatbot/data/docs/other/other-pl-forms-pdf-4.pdf,error,'category' is an invalid keyword argument for ContentChunk
69,pdf,file:///Volumes/Space/MINOR_PROJECTS/gov-chatbot/data/docs/parivahan/parivahan-form-3-pdf-15.pdf,error,'category' is an invalid keyword argument for ContentChunk
71,pdf,file:///Volumes/Space/MINOR_PROJECTS/gov-chatbot/data/docs/passport/AnnexureA.pdf,error,'category' is an invalid keyword argument for ContentChunk
82,pdf,file:///Volumes/Space/MINOR_PROJECTS/gov-chatbot/data/docs/passport/Filling_Passport_Application_Form_Online.pdf,error,'category' is an invalid keyword argument for ContentChunk
76,pdf,file:///Volumes/Space/MINOR_PROJECTS/gov-chatbot/data/docs/passport/AnnexureF.pdf,error,'category' is an invalid keyword argument for ContentChunk
84,pdf,file:///Volumes/Space/MINOR_PROJECTS/gov-chatbot/data/docs/passport/passport-annexurea-pdf-17.pdf,error,'category' is an invalid keyword argument for ContentChunk
87,pdf,file:///Volumes/Space/MINOR_PROJECTS/gov-chatbot/data/docs/passport/passport-annexured-pdf-20.pdf,error,'category' is an invalid keyword argument for ContentChunk
90,pdf,file:///Volumes/Space/MINOR_PROJECTS/gov-chatbot/data/docs/passport/passport-annexureg-pdf-23.pdf,error,'category' is an invalid keyword argument for ContentChunk
92,pdf,file:///Volumes/Space/MINOR_PROJECTS/gov-chatbot/data/docs/passport/passport-annexurei-pdf-25.pdf,error,'category' is an invalid keyword argument for ContentChunk
95,pdf,file:///Volumes/Space/MINOR_PROJECTS/gov-chatbot/data/docs/passport/passport-filling-passport-application-form-online-pdf-28.pdf,error,'category' is an invalid keyword argument for ContentChunk
98,pdf,file:///Volumes/Space/MINOR_PROJECTS/gov-chatbot/data/docs/railways/1592204046208-Common-nomination-form.pdf,error,'category' is an invalid keyword argument for ContentChunk
103,pdf,file:///Volumes/Space/MINOR_PROJECTS/gov-chatbot/data/docs/railways/railways-1592204046208-common-nomination-form-pdf-31.pdf,error,'category' is an invalid keyword argument for ContentChunk
